AGS;cases_p100;death_p100;Var1_Class;Var2_Class;Bi_Class;RKI_confirmed_cases;RKI_deaths;RKI_death_rate;RKI_last7days;labor_prepared_uerate1;2018_pop
01001;53.63;3.35;1;C;C1;48;3;6.25;0.00;8.70;89504
01002;118.76;4.04;1;B;B1;294;10;3.40;3.64;8.30;247548
01003;81.03;0.46;1;A;A1;176;1;0.57;2.30;8.10;217198
01004;98.13;2.52;1;A;A1;78;2;2.56;0.00;8.80;79487
01051;57.05;3.00;1;C;C1;76;4;5.26;2.25;6.10;133210
01053;136.37;8.11;1;C;C1;269;16;5.95;0.51;5.20;197264
01054;53.77;0.60;1;A;A1;89;1;1.12;0.00;5.30;165507
01055;33.90;0.00;1;A;A1;68;0;0.00;0.00;5.60;200581
01056;191.16;14.63;2;C;C2;601;46;7.65;0.00;5.10;314391
01057;94.06;6.22;1;C;C1;121;8;6.61;0.78;4.50;128647
01058;94.22;5.13;1;C;C1;257;14;5.45;0.73;4.40;272775
01059;79.49;2.00;1;A;A1;159;4;2.52;0.00;4.70;200025
01060;122.09;2.54;1;A;A1;337;7;2.08;1.45;4.50;276032
01061;143.89;2.28;2;A;A2;189;3;1.59;4.57;5.70;131347
01062;175.58;13.57;2;C;C2;427;33;7.73;1.23;3.40;243196
02000;283.68;14.18;3;B;B3;5.223;261;5.00;1.03;7.00;1841179
03101;141.37;7.25;2;C;C2;351;18;5.13;5.64;5.30;248292
03102;151.50;8.58;2;C;C2;159;9;5.66;2.86;9.60;104948
03103;299.64;41.08;3;C;C3;372;51;13.71;1.61;4.90;124151
03151;96.07;2.27;1;A;A1;169;4;2.37;4.55;4.40;175920
03153;192.68;18.25;2;C;C2;264;25;9.47;0.73;6.50;137014
03154;154.42;1.10;2;A;A2;141;1;0.71;0.00;6.30;91307
03155;109.97;3.77;1;B;B1;146;5;3.42;0.00;5.60;132765
03157;120.18;8.21;1;C;C1;161;11;6.83;0.00;4.90;133965
03158;158.39;11.67;2;C;C2;190;14;7.37;0.00;4.80;119960
03159;391.68;23.17;3;C;C3;1.285;76;5.91;7.93;5.80;328074
03241;244.21;10.02;2;B;B2;2.827;116;4.10;1.30;7.00;1157624
03251;185.35;11.99;2;C;C2;402;26;6.47;5.53;4.30;216886
03252;94.91;4.71;1;B;B1;141;7;4.96;3.37;6.70;148559
03254;151.12;2.89;2;A;A2;418;8;1.91;0.72;6.30;276594
03255;149.35;9.86;2;C;C2;106;7;6.60;0.00;6.90;70975
03256;66.73;3.30;1;B;B1;81;4;4.94;0.82;5.20;121386
03257;102.04;4.44;1;B;B1;161;7;4.35;0.00;5.80;157781
03351;122.95;8.38;1;C;C1;220;15;6.82;0.00;6.30;178936
03352;187.68;10.09;2;C;C2;372;20;5.38;3.03;5.70;198213
03353;220.35;5.14;2;A;A2;557;13;2.33;0.00;4.10;252776
03354;43.37;6.20;1;C;C1;21;3;14.29;0.00;8.10;48424
03355;91.07;0.00;1;A;A1;167;0;0.00;0.00;5.80;183372
03356;106.59;0.00;1;A;A1;121;0;0.00;2.64;3.70;113517
03357;69.74;1.22;1;A;A1;114;2;1.75;1.22;3.90;163455
03358;54.38;1.43;1;A;A1;76;2;2.63;1.43;5.80;139755
03359;108.32;3.94;1;B;B1;220;8;3.64;1.48;5.50;203102
03360;47.53;0.00;1;A;A1;44;0;0.00;0.00;5.50;92572
03361;176.18;5.12;2;B;B2;241;7;2.90;0.00;4.30;136792
03401;145.61;3.87;2;A;A2;113;3;2.65;3.87;10.30;77607
03402;37.85;0.00;1;A;A1;19;0;0.00;0.00;8.90;50195
03403;107.01;0.59;1;A;A1;180;1;0.56;1.19;6.60;168210
03404;307.14;8.50;3;A;A3;506;14;2.77;0.61;7.20;164748
03405;36.71;1.31;1;B;B1;28;1;3.57;0.00;11.30;76278
03451;153.14;4.03;2;A;A2;190;5;2.63;0.00;4.00;124071
03452;69.00;4.21;1;C;C1;131;8;6.11;0.53;6.90;189848
03453;74.99;0.00;1;A;A1;127;0;0.00;0.00;4.20;169348
03454;144.63;7.68;2;C;C2;471;25;5.31;1.23;2.60;325657
03455;37.58;2.03;1;C;C1;37;2;5.41;2.03;4.70;98460
03456;182.40;13.19;2;C;C2;249;18;7.23;0.00;2.70;136511
03457;87.16;3.53;1;B;B1;148;6;4.05;0.59;5.70;169809
03458;228.98;11.53;2;B;B2;298;15;5.03;14.60;3.40;130144
03459;344.21;18.47;3;C;C3;1.230;66;5.37;0.84;3.20;357343
03460;257.07;8.47;3;B;B3;364;12;3.30;8.47;3.70;141598
03461;81.24;2.26;1;A;A1;72;2;2.78;0.00;6.40;88624
03462;72.08;0.00;1;A;A1;41;0;0.00;0.00;5.80;56882
04011;259.24;8.43;3;B;B3;1.476;48;3.25;2.46;10.30;569352
04012;178.64;5.28;2;B;B2;203;6;2.96;2.64;13.40;113634
05111;311.65;6.30;3;A;A3;1.930;39;2.02;22.44;7.20;619294
05112;329.93;11.63;3;B;B3;1.645;58;3.53;21.66;11.90;498590
05113;170.47;7.03;2;B;B2;994;41;4.12;2.57;11.10;583109
05114;297.33;10.13;3;B;B3;675;23;3.41;6.17;11.00;227020
05116;265.06;15.68;3;C;C3;693;41;5.92;3.82;9.80;261454
05117;160.35;7.61;2;B;B2;274;13;4.74;8.78;7.80;170880
05119;145.14;5.22;2;B;B2;306;11;3.59;4.27;10.80;210829
05120;218.93;16.22;2;C;C2;243;18;7.41;0.00;7.80;110994
05122;185.12;6.28;2;B;B2;295;10;3.39;1.88;7.70;159360
05124;287.54;24.27;3;C;C3;1.019;86;8.44;5.64;8.80;354382
05154;263.37;11.90;3;B;B3;819;37;4.52;2.57;5.60;310974
05158;217.22;16.27;2;C;C2;1.055;79;7.49;5.15;6.20;485684
05162;175.61;4.43;2;A;A2;792;20;2.53;3.33;5.50;451007
05166;246.88;12.38;2;B;B2;738;37;5.01;1.34;5.80;298935
05170;177.46;5.87;2;B;B2;816;27;3.31;8.05;6.50;459809
05314;234.37;2.44;2;A;A2;767;8;1.04;3.06;6.90;327258
05315;241.51;9.58;2;B;B2;2.622;104;3.97;1.66;8.50;1085664
05316;156.25;3.05;2;A;A2;256;5;1.95;1.83;7.90;163838
05334;361.86;17.64;3;B;B3;2.010;98;4.88;1.44;7.50;555465
05358;234.34;14.79;2;C;C2;618;39;6.31;0.76;6.90;263722
05362;238.89;16.17;2;C;C2;1.123;76;6.77;1.28;6.30;470089
05366;257.21;11.93;3;B;B3;496;23;4.64;7.78;5.30;192840
05370;769.50;31.85;3;B;B3;1.957;81;4.14;2.36;5.50;254322
05374;183.87;6.61;2;B;B2;501;18;3.59;2.57;5.30;272471
05378;168.99;7.76;2;B;B2;479;22;4.59;1.76;5.70;283455
05382;245.09;8.34;2;B;B2;1.470;50;3.40;0.50;5.30;599780
05512;185.72;5.96;2;B;B2;218;7;3.21;5.11;7.70;117383
05513;204.49;6.52;2;B;B2;533;17;3.19;6.52;14.10;260654
05515;233.20;4.14;2;A;A2;733;13;1.77;0.32;5.00;314319
05554;302.15;10.25;3;B;B3;1.120;38;3.39;1.62;3.70;370676
05558;399.67;11.37;3;A;A3;879;25;2.84;3.64;3.00;219929
05562;229.66;6.50;2;A;A2;1.413;40;2.83;5.36;8.80;615261
05566;300.93;18.54;3;C;C3;1.347;83;6.16;1.56;4.30;447614
05570;300.59;7.20;3;A;A3;835;20;2.40;10.08;5.00;277783
05711;142.31;1.50;2;A;A2;475;5;1.05;4.49;7.90;333786
05754;677.04;5.49;3;A;A3;2.465;20;0.81;35.43;4.30;364083
05758;156.71;2.79;2;A;A2;393;7;1.78;6.38;5.60;250783
05762;264.45;12.80;3;B;B3;372;18;4.84;0.71;4.10;140667
05766;219.87;8.32;2;B;B2;766;29;3.79;2.58;6.40;348391
05770;160.92;4.18;2;A;A2;500;13;2.60;0.97;5.20;310710
05774;236.89;11.08;2;B;B2;727;34;4.68;3.26;5.40;306890
05911;173.05;5.21;2;B;B2;631;19;3.01;2.19;9.30;364628
05913;176.83;2.21;2;A;A2;1.038;13;1.25;12.10;11.10;587010
05914;219.79;6.89;2;B;B2;415;13;3.13;6.36;11.00;188814
05915;316.56;20.10;3;C;C3;567;36;6.35;8.93;8.80;179111
05916;161.15;1.28;2;A;A2;252;2;0.79;7.67;11.40;156374
05954;150.48;4.32;2;B;B2;488;14;2.87;4.32;6.10;324296
05958;240.71;6.53;2;A;A2;627;17;2.71;1.15;4.40;260475
05962;152.38;7.52;2;B;B2;628;31;4.94;1.94;6.80;412120
05966;487.48;41.55;3;C;C3;657;56;8.52;2.97;3.60;134775
05970;113.58;2.88;1;A;A1;316;8;2.53;0.36;5.00;278210
05974;130.84;2.65;1;A;A1;395;8;2.03;1.66;5.50;301902
05978;196.31;9.88;2;B;B2;775;39;5.03;2.79;7.40;394782
06411;143.84;11.31;2;C;C2;229;18;7.86;0.63;5.50;159207
06412;238.36;8.90;2;B;B2;1.795;67;3.73;3.45;5.50;753056
06413;164.67;6.99;2;B;B2;212;9;4.25;13.20;9.40;128744
06414;172.81;7.90;2;B;B2;481;22;4.57;4.67;7.00;278342
06431;138.68;1.11;1;A;A1;374;3;0.80;2.97;3.80;269694
06432;146.94;6.72;2;B;B2;437;20;4.58;1.01;4.80;297399
06433;202.90;5.46;2;A;A2;557;15;2.69;3.64;5.20;274526
06434;123.01;2.11;1;A;A1;291;5;1.72;0.42;3.80;236564
06435;192.15;11.93;2;C;C2;805;50;6.21;5.49;4.50;418950
06436;157.74;6.31;2;B;B2;375;15;4.00;1.68;3.70;237735
06437;424.60;65.08;3;C;C3;411;63;15.33;1.03;4.80;96798
06438;197.69;11.58;2;C;C2;700;41;5.86;3.67;4.40;354092
06439;142.13;2.67;2;A;A2;266;5;1.88;6.95;4.30;187157
06440;118.12;4.24;1;B;B1;362;13;3.59;1.96;4.30;306460
06531;96.33;1.49;1;A;A1;259;4;1.54;4.09;5.80;268876
06532;136.73;7.09;1;C;C1;347;18;5.19;0.39;5.30;253777
06533;173.75;3.49;2;A;A2;299;6;2.01;3.49;4.50;172083
06534;83.11;1.62;1;A;A1;205;4;1.95;0.00;4.10;246648
06535;115.23;4.72;1;B;B1;122;5;4.10;0.94;4.10;105878
06611;189.99;4.46;2;A;A2;383;9;2.35;2.98;8.00;201585
06631;177.91;5.39;2;B;B2;396;12;3.03;2.25;3.00;222584
06632;257.39;18.21;3;C;C3;311;22;7.07;9.93;4.00;120829
06633;172.00;11.83;2;C;C2;407;28;6.88;0.42;4.00;236633
06634;307.40;20.53;3;C;C3;554;37;6.68;5.55;3.60;180222
06635;111.50;3.19;1;B;B1;175;5;2.86;0.00;3.80;156953
06636;229.66;15.84;2;C;C2;232;16;6.90;0.99;5.30;101017
07111;233.28;15.79;2;C;C2;266;18;6.77;0.00;6.00;114024
07131;159.57;0.77;2;A;A2;207;1;0.48;8.48;3.80;129727
07132;137.52;8.55;1;C;C1;177;11;6.21;3.88;4.70;128705
07133;128.42;4.43;1;B;B1;203;7;3.45;0.63;6.00;158080
07134;112.74;2.48;1;A;A1;91;2;2.20;1.24;6.20;80720
07135;224.07;1.62;2;A;A2;138;1;0.72;1.62;3.40;61587
07137;163.35;6.53;2;B;B2;350;14;4.00;0.47;3.50;214259
07138;118.72;2.20;1;A;A1;216;4;1.85;0.55;5.10;181941
07140;163.21;5.83;2;B;B2;168;6;3.57;0.00;3.60;102937
07141;130.00;4.91;1;B;B1;159;6;3.77;0.00;3.10;122308
07143;189.98;10.91;2;C;C2;383;22;5.74;5.95;3.00;201597
07211;94.91;0.90;1;A;A1;105;1;0.95;1.81;5.30;110636
07231;158.56;1.78;2;A;A2;178;2;1.12;1.78;3.30;112262
07232;201.91;5.07;2;A;A2;199;5;2.51;0.00;2.60;98561
07233;202.96;8.25;2;B;B2;123;5;4.07;0.00;4.10;60603
07235;138.31;6.04;1;B;B1;206;9;4.37;1.34;2.80;148945
07311;96.79;4.12;1;B;B1;47;2;4.26;0.00;7.40;48561
07312;193.30;6.01;2;B;B2;193;6;3.11;1.00;9.40;99845
07313;122.12;4.28;1;B;B1;57;2;3.51;2.14;5.10;46677
07314;197.01;1.17;2;A;A2;337;2;0.59;2.92;9.00;171061
07315;314.11;11.98;3;B;B3;682;26;3.81;1.38;5.80;217118
07316;201.32;3.76;2;A;A2;107;2;1.87;1.88;5.60;53148
07317;76.73;0.00;1;A;A1;31;0;0.00;0.00;11.90;40403
07318;210.41;1.98;2;A;A2;106;1;0.94;9.92;6.30;50378
07319;268.81;8.40;3;B;B3;224;7;3.12;0.00;7.30;83330
07320;128.62;2.92;1;A;A1;44;1;2.27;0.00;6.50;34209
07331;209.68;8.51;2;B;B2;271;11;4.06;0.00;4.00;129244
07332;248.00;9.05;2;B;B2;329;12;3.65;0.00;3.90;132660
07333;183.75;7.99;2;B;B2;138;6;4.35;1.33;5.20;75101
07334;146.43;3.87;2;A;A2;189;5;2.65;13.95;4.20;129075
07335;101.83;0.94;1;A;A1;108;1;0.93;0.94;5.30;106057
07336;134.70;1.42;1;A;A1;95;1;1.05;5.67;4.70;70526
07337;141.36;2.72;2;A;A2;156;3;1.92;0.00;3.90;110356
07338;174.45;3.24;2;A;A2;269;5;1.86;2.59;3.80;154201
07339;206.74;11.85;2;C;C2;436;25;5.73;0.95;3.80;210889
07340;111.45;3.15;1;A;A1;106;3;2.83;0.00;4.10;95113
08111;244.63;10.08;2;B;B2;1.553;64;4.12;2.68;4.40;634830
08115;371.51;12.00;3;B;B3;1.455;47;3.23;1.53;3.10;391640
08116;351.03;22.29;3;C;C3;1.874;119;6.35;3.00;3.50;533859
08117;315.25;15.16;3;B;B3;811;39;4.81;3.11;3.90;257253
08118;335.49;13.24;3;B;B3;1.825;72;3.95;1.84;3.10;543984
08119;389.06;21.82;3;C;C3;1.658;93;5.61;3.29;3.40;426158
08121;374.72;13.50;3;B;B3;472;17;3.60;0.00;5.20;125960
08125;280.12;12.24;3;B;B3;961;42;4.37;0.58;3.10;343068
08126;697.26;41.96;3;C;C3;781;47;6.02;1.79;2.60;112010
08127;445.72;30.12;3;C;C3;873;59;6.76;0.00;3.00;195861
08128;301.54;7.56;3;A;A3;399;10;2.51;0.76;2.90;132321
08135;388.76;30.95;3;C;C3;515;41;7.96;0.75;4.20;132472
08136;463.37;11.78;3;A;A3;1.455;37;2.54;0.64;3.10;314002
08211;339.24;34.47;3;C;C3;187;19;10.16;3.63;4.80;55123
08212;135.10;4.47;1;B;B1;423;14;3.31;2.24;4.30;313092
08215;232.99;18.23;2;C;C2;1.035;81;7.83;1.35;3.10;444232
08216;229.85;7.36;2;B;B2;531;17;3.20;2.16;3.20;231018
08221;197.06;4.37;2;A;A2;316;7;2.22;0.62;4.40;160355
08222;166.47;4.20;2;A;A2;515;13;2.52;4.20;5.80;309370
08225;308.64;15.33;3;B;B3;443;22;4.97;0.70;3.40;143535
08226;177.86;7.12;2;B;B2;974;39;4.00;1.28;3.80;547625
08231;339.33;6.37;3;A;A3;426;8;1.88;4.78;6.10;125542
08235;481.07;17.05;3;B;B3;762;27;3.54;1.89;3.20;158397
08236;331.31;10.56;3;B;B3;659;21;3.19;0.50;2.60;198905
08237;484.17;32.22;3;C;C3;571;38;6.65;0.85;3.00;117935
08311;422.60;33.88;3;C;C3;973;78;8.02;0.43;5.30;230241
08315;432.28;27.02;3;C;C3;1.136;71;6.25;1.14;3.00;262795
08316;324.70;26.00;3;C;C3;537;43;8.01;1.81;2.80;165383
08317;282.67;28.87;3;C;C3;1.214;124;10.21;0.47;3.20;429479
08325;487.61;18.64;3;B;B3;680;26;3.82;0.72;2.60;139455
08326;275.92;15.54;3;C;C3;586;33;5.63;0.00;3.30;212381
08327;368.17;16.41;3;B;B3;516;23;4.46;1.43;3.00;140152
08335;164.37;5.26;2;B;B2;469;15;3.20;0.35;3.40;285325
08336;292.16;26.68;3;C;C3;668;61;9.13;0.87;3.70;228639
08337;182.28;20.51;2;C;C2;311;35;11.25;0.00;3.20;170619
08415;543.68;28.60;3;C;C3;1.559;82;5.26;1.39;3.60;286748
08416;570.09;26.39;3;B;B3;1.296;60;4.63;1.76;2.90;227331
08417;647.84;40.75;3;C;C3;1.224;77;6.29;2.12;3.50;188935
08421;229.56;3.96;2;A;A2;290;5;1.72;1.58;3.60;126329
08425;337.67;13.77;3;B;B3;662;27;4.08;2.55;2.50;196047
08426;313.40;17.02;3;C;C3;626;34;5.43;6.51;2.20;199742
08435;137.36;3.70;1;A;A1;297;8;2.69;0.46;2.60;216227
08436;199.45;2.46;2;A;A2;567;7;1.23;1.41;2.60;284285
08437;593.71;26.74;3;B;B3;777;35;4.50;0.76;3.00;130873
09161;356.98;27.01;3;C;C3;489;37;7.57;2.19;3.30;136981
09162;468.97;15.09;3;B;B3;6.901;222;3.22;8.15;3.80;1471508
09163;827.49;36.32;3;B;B3;524;23;4.39;7.90;4.30;63324
09171;544.02;47.66;3;C;C3;605;53;8.76;0.00;3.10;111210
09172;311.19;23.65;3;C;C3;329;25;7.60;3.78;3.70;105722
09173;359.99;7.86;3;A;A3;458;10;2.18;18.08;2.30;127227
09174;606.30;19.50;3;B;B3;933;30;3.22;2.60;2.00;153884
09175;365.13;3.52;3;A;A3;519;5;0.96;1.41;2.00;142142
09176;230.47;13.60;2;C;C2;305;18;5.90;0.00;1.50;132341
09177;472.90;7.99;3;A;A3;651;11;1.69;6.54;2.00;137660
09178;544.34;24.01;3;B;B3;975;43;4.41;1.67;2.30;179116
09179;422.67;16.41;3;B;B3;927;36;3.88;5.02;2.70;219320
09180;332.33;20.35;3;C;C3;294;18;6.12;0.00;3.00;88467
09181;309.82;8.33;3;A;A3;372;10;2.69;1.67;2.40;120071
09182;592.62;11.03;3;A;A3;591;11;1.86;2.01;2.40;99726
09183;432.97;23.43;3;C;C3;499;27;5.41;0.00;3.40;115250
09184;419.93;26.08;3;C;C3;1.465;91;6.21;5.73;2.50;348871
09185;346.50;18.62;3;C;C3;335;18;5.37;0.00;2.20;96680
09186;302.00;16.52;3;C;C3;384;21;5.47;0.79;1.80;127151
09187;881.28;75.48;3;C;C3;2.300;197;8.57;4.60;2.50;260983
09188;429.86;9.55;3;A;A3;585;13;2.22;12.49;2.70;136092
09189;737.48;49.69;3;C;C3;1.306;88;6.74;0.56;2.90;177089
09190;263.03;2.22;3;A;A3;356;3;0.84;0.00;2.40;135348
09261;390.86;12.43;3;B;B3;283;9;3.18;4.14;4.70;72404
09262;264.92;34.31;3;C;C3;139;18;12.95;1.91;4.70;52469
09263;905.97;100.43;3;C;C3;433;48;11.09;10.46;5.00;47794
09271;276.55;12.57;3;B;B3;330;15;4.55;1.68;2.90;119326
09272;250.14;15.31;2;C;C2;196;12;6.12;0.00;2.80;78355
09273;378.71;28.63;3;C;C3;463;35;7.56;6.54;2.60;122258
09274;431.64;19.53;3;B;B3;685;31;4.53;8.19;2.70;158698
09275;317.12;15.10;3;B;B3;609;29;4.76;1.04;3.10;192043
09276;252.40;14.17;3;C;C3;196;11;5.61;0.00;3.40;77656
09277;609.98;39.78;3;C;C3;736;48;6.52;1.66;3.30;120659
09278;551.42;28.81;3;C;C3;555;29;5.23;1.99;2.70;100649
09279;260.87;9.35;3;B;B3;251;9;3.59;22.86;3.20;96217
09361;214.44;9.53;2;B;B2;90;4;4.44;2.38;4.70;41970
09362;456.06;6.55;3;A;A3;696;10;1.44;10.48;3.70;152610
09363;797.27;47.04;3;C;C3;339;20;5.90;4.70;5.70;42520
09371;481.04;52.37;3;C;C3;496;54;10.89;0.00;2.60;103109
09372;337.03;16.42;3;B;B3;431;21;4.87;0.00;2.80;127882
09373;295.00;12.73;3;B;B3;394;17;4.31;0.75;1.90;133561
09374;887.10;77.37;3;C;C3;837;73;8.72;4.24;3.20;94352
09375;263.47;7.75;3;B;B3;510;15;2.94;1.55;2.10;193572
09376;344.46;13.59;3;B;B3;507;20;3.94;0.00;3.10;147189
09377;1576.46;191.71;3;C;C3;1.143;139;12.16;2.76;3.40;72504
09461;261.62;28.35;3;C;C3;203;22;10.84;0.00;4.20;77592
09462;279.95;14.73;3;C;C3;209;11;5.26;0.00;4.70;74657
09463;281.22;4.85;3;A;A3;116;2;1.72;2.42;5.50;41249
09464;309.17;8.71;3;A;A3;142;4;2.82;0.00;6.30;45930
09471;293.03;24.48;3;C;C3;431;36;8.35;0.00;2.30;147086
09472;413.87;27.01;3;C;C3;429;28;6.53;0.00;2.90;103656
09473;431.50;34.52;3;C;C3;375;30;8.00;3.45;3.40;86906
09474;180.02;3.45;2;A;A2;209;4;1.91;0.86;2.70;116099
09475;448.01;33.57;3;C;C3;427;32;7.49;1.05;3.20;95311
09476;251.73;4.47;3;A;A3;169;3;1.78;1.49;3.60;67135
09477;342.40;15.31;3;B;B3;246;11;4.47;0.00;3.70;71845
09478;454.83;25.43;3;C;C3;304;17;5.59;2.99;3.80;66838
09479;903.28;54.66;3;C;C3;661;40;6.05;1.37;4.80;73178
09561;365.62;19.12;3;C;C3;153;8;5.23;4.78;4.00;41847
09562;233.11;9.82;2;B;B2;261;11;4.21;1.79;3.90;111962
09563;335.03;29.75;3;C;C3;428;38;8.88;6.26;5.40;127748
09564;218.19;9.65;2;B;B2;1.131;50;4.42;1.93;5.80;518365
09565;198.57;4.90;2;A;A2;81;2;2.47;2.45;3.60;40792
09571;328.35;15.22;3;B;B3;604;28;4.64;0.00;2.50;183949
09572;184.93;8.07;2;B;B2;252;11;4.37;3.67;2.10;136271
09573;420.83;49.41;3;C;C3;494;58;11.74;0.85;2.80;117387
09574;375.08;25.83;3;C;C3;639;44;6.89;0.00;2.60;170365
09575;251.09;5.98;3;A;A3;252;6;2.38;3.99;2.00;100364
09576;225.27;5.51;2;A;A2;286;7;2.45;0.00;2.30;126958
09577;354.90;26.49;3;C;C3;335;25;7.46;1.06;3.20;94393
09661;171.57;1.42;2;A;A2;121;1;0.83;7.09;5.50;70527
09662;347.94;33.31;3;C;C3;188;18;9.57;5.55;6.80;54032
09663;382.39;40.66;3;C;C3;489;52;10.63;1.56;3.70;127880
09671;311.70;23.54;3;C;C3;543;41;7.55;1.15;2.90;174208
09672;249.96;18.41;2;C;C2;258;19;7.36;0.00;3.30;103218
09673;248.46;10.04;2;B;B2;198;8;4.04;1.25;2.80;79690
09674;195.04;7.09;2;B;B2;165;6;3.64;1.18;3.00;84599
09675;212.30;3.30;2;A;A2;193;3;1.55;1.10;2.40;90909
09676;239.21;3.88;2;A;A2;308;5;1.62;1.55;3.10;128756
09677;124.24;4.75;1;B;B1;157;6;3.82;0.00;2.00;126365
09678;454.36;21.72;3;B;B3;523;25;4.78;1.74;2.60;115106
09679;255.20;4.33;3;A;A3;413;7;1.69;1.24;2.10;161834
09761;152.81;5.08;2;B;B2;451;15;3.33;3.05;5.40;295135
09762;252.89;11.39;3;B;B3;111;5;4.50;0.00;4.40;43893
09763;148.03;14.51;2;C;C2;102;10;9.80;0.00;3.50;68907
09764;125.46;0.00;1;A;A1;55;0;0.00;4.56;3.60;43837
09771;291.92;14.97;3;C;C3;390;20;5.13;0.75;2.30;133596
09772;157.83;3.98;2;A;A2;397;10;2.52;2.39;2.70;251534
09773;278.06;30.20;3;C;C3;267;29;10.86;2.08;2.10;96021
09774;190.06;3.18;2;A;A2;239;4;1.67;0.00;2.20;125747
09775;253.16;14.93;3;C;C3;441;26;5.90;1.15;2.50;174200
09776;297.54;9.80;3;B;B3;243;8;3.29;0.00;2.60;81669
09777;370.59;27.79;3;C;C3;520;39;7.50;5.70;2.40;140316
09778;189.53;9.72;2;C;C2;273;14;5.13;1.39;2.00;144041
09779;267.42;17.23;3;C;C3;357;23;6.44;2.25;1.80;133496
09780;122.94;4.51;1;B;B1;191;7;3.66;0.64;2.40;155362
10041;382.46;34.58;3;C;C3;1.261;114;9.04;0.30;9.60;329708
10042;210.90;1.93;2;A;A2;218;2;0.92;0.00;4.60;103366
10043;205.74;8.32;2;B;B2;272;11;4.04;0.00;7.40;132206
10044;286.88;12.30;3;B;B3;560;24;4.29;0.51;5.20;195201
10045;227.16;12.62;2;C;C2;324;18;5.56;0.00;5.20;142631
10046;195.66;5.72;2;B;B2;171;5;2.92;1.14;3.60;87397
11000;232.16;5.90;2;A;A2;8.462;215;2.54;5.81;9.10;3644826
12051;90.12;1.39;1;A;A1;65;1;1.54;0.00;9.00;72124
12052;38.91;0.00;1;A;A1;39;0;0.00;0.00;8.40;100219
12053;57.02;0.00;1;A;A1;33;0;0.00;1.73;8.80;57873
12054;354.88;28.64;3;C;C3;632;51;8.07;0.56;5.90;178089
12060;236.38;15.87;2;C;C2;432;29;6.71;0.55;5.70;182760
12061;154.97;4.73;2;B;B2;262;8;3.05;2.37;4.10;169067
12062;79.89;2.92;1;B;B1;82;3;3.66;0.97;6.70;102638
12063;119.82;3.71;1;B;B1;194;6;3.09;2.47;5.70;161909
12064;111.67;2.06;1;A;A1;217;4;1.84;0.51;6.00;194328
12065;154.32;4.26;2;A;A2;326;9;2.76;1.42;5.40;211249
12066;47.97;1.81;1;B;B1;53;2;3.77;0.91;8.30;110476
12067;80.04;1.12;1;A;A1;143;2;1.40;1.12;6.70;178658
12068;86.80;0.00;1;A;A1;86;0;0.00;3.03;6.80;99078
12069;272.98;17.70;3;C;C3;586;38;6.48;0.93;4.50;214664
12070;40.52;0.00;1;A;A1;31;0;0.00;0.00;8.10;76508
12071;57.68;0.00;1;A;A1;66;0;0.00;0.00;7.00;114429
12072;104.58;7.72;1;C;C1;176;13;7.39;2.38;4.80;168296
12073;37.64;1.67;1;B;B1;45;2;4.44;0.84;11.90;119552
13003;50.75;0.96;1;A;A1;106;2;1.89;0.48;7.30;208886
13004;94.97;0.00;1;A;A1;91;0;0.00;0.00;9.40;95818
13071;48.62;1.16;1;A;A1;126;3;2.38;0.00;9.40;259130
13072;35.33;1.39;1;B;B1;76;3;3.95;0.00;5.70;215113
13073;41.39;0.89;1;A;A1;93;2;2.15;0.00;8.80;224684
13074;51.04;0.64;1;A;A1;80;1;1.25;0.00;6.30;156729
13075;59.15;2.96;1;B;B1;140;7;5.00;0.00;9.30;236697
13076;43.74;0.94;1;A;A1;93;2;2.15;0.47;5.80;212618
14511;85.34;2.43;1;A;A1;211;6;2.84;0.00;7.20;247237
14521;165.24;12.73;2;C;C2;558;43;7.71;0.00;4.90;337696
14522;99.29;2.94;1;B;B1;304;9;2.96;0.98;5.30;306185
14523;223.45;9.66;2;B;B2;509;22;4.32;0.00;5.40;227796
14524;279.03;16.38;3;C;C3;886;52;5.87;0.00;5.00;317531
14612;113.04;1.80;1;A;A1;627;10;1.59;0.00;6.20;554649
14625;167.18;6.98;2;B;B2;503;21;4.17;0.00;5.60;300880
14626;105.93;9.02;1;C;C1;270;23;8.52;0.39;8.60;254894
14627;99.11;8.26;1;C;C1;240;20;8.33;0.00;5.90;242165
14628;158.79;0.81;2;A;A2;390;2;0.51;0.41;5.00;245611
14713;105.81;2.04;1;A;A1;622;12;1.93;1.02;6.90;587857
14729;76.04;1.55;1;A;A1;196;4;2.04;0.00;5.50;257763
14730;72.34;0.00;1;A;A1;143;0;0.00;0.00;6.90;197673
15001;81.24;2.46;1;B;B1;66;2;3.03;0.00;8.30;81237
15002;152.97;4.60;2;B;B2;366;11;3.01;0.00;8.80;239257
15003;101.38;1.26;1;A;A1;242;3;1.24;5.45;8.80;238697
15081;40.59;1.19;1;B;B1;34;1;2.94;0.00;6.90;83765
15082;45.67;1.25;1;A;A1;73;2;2.74;0.00;7.70;159854
15083;96.66;7.57;1;C;C1;166;13;7.83;0.58;5.50;171734
15084;69.37;1.11;1;A;A1;125;2;1.60;1.11;7.00;180190
15085;120.31;2.33;1;A;A1;258;5;1.94;0.00;5.70;214446
15086;40.03;2.22;1;C;C1;36;2;5.56;2.22;7.50;89928
15087;40.37;1.47;1;B;B1;55;2;3.64;0.73;10.20;136249
15088;73.68;3.79;1;C;C1;136;7;5.15;1.08;6.70;184582
15089;37.26;0.00;1;A;A1;71;0;0.00;0.00;8.90;190560
15090;95.55;5.36;1;C;C1;107;6;5.61;0.00;9.40;111982
15091;126.35;2.38;1;A;A1;159;3;1.89;0.79;6.70;125840
16051;65.51;0.94;1;A;A1;140;2;1.43;0.47;6.10;213699
16052;275.09;22.30;3;C;C3;259;21;8.11;4.25;8.90;94152
16053;144.52;2.69;2;A;A2;161;3;1.86;0.00;5.60;111407
16054;60.28;5.74;1;C;C1;21;2;9.52;2.87;5.40;34835
16055;106.01;0.00;1;A;A1;69;0;0.00;0.00;6.10;65090
16056;70.80;4.72;1;C;C1;30;2;6.67;0.00;7.00;42370
16061;160.39;8.97;2;C;C2;161;9;5.59;1.99;4.20;100380
16062;78.74;2.39;1;B;B1;66;2;3.03;0.00;7.60;83822
16063;70.72;1.63;1;A;A1;87;2;2.30;0.00;4.30;123025
16064;89.40;2.92;1;B;B1;92;3;3.26;0.97;7.50;102912
16065;69.33;0.00;1;A;A1;52;0;0.00;0.00;8.60;75009
16066;127.51;3.27;1;A;A1;156;4;2.56;4.09;4.40;122347
16067;232.55;22.15;2;C;C2;315;30;9.52;2.21;5.50;135452
16068;54.55;1.44;1;A;A1;38;1;2.63;1.44;6.00;69655
16069;121.16;1.57;1;A;A1;77;1;1.30;7.87;3.70;63553
16070;125.07;5.52;1;B;B1;136;6;4.41;0.00;5.40;108742
16071;90.30;4.88;1;C;C1;74;4;5.41;0.00;4.40;81947
16072;540.96;39.15;3;C;C3;304;22;7.24;1.78;4.20;56196
16073;67.70;0.00;1;A;A1;72;0;0.00;0.00;5.80;106356
16074;87.90;3.61;1;B;B1;73;3;4.11;0.00;4.50;83051
16075;185.49;14.84;2;C;C2;150;12;8.00;0.00;5.00;80868
16076;680.53;48.90;3;C;C3;668;48;7.19;2.04;5.10;98159
16077;84.33;4.44;1;C;C1;76;4;5.26;0.00;7.70;90118
01001;53.63;3.35;1;C;C1;48;3;6.25;0.00;8.70;89504
01002;118.76;4.04;1;B;B1;294;10;3.40;3.64;8.30;247548
01051;57.05;3.00;1;C;C1;76;4;5.26;2.25;6.10;133210
01051;57.05;3.00;1;C;C1;76;4;5.26;2.25;6.10;133210
01054;53.77;0.60;1;A;A1;89;1;1.12;0.00;5.30;165507
01055;33.90;0.00;1;A;A1;68;0;0.00;0.00;5.60;200581
01056;191.16;14.63;2;C;C2;601;46;7.65;0.00;5.10;314391
01056;191.16;14.63;2;C;C2;601;46;7.65;0.00;5.10;314391
01057;94.06;6.22;1;C;C1;121;8;6.61;0.78;4.50;128647
01058;94.22;5.13;1;C;C1;257;14;5.45;0.73;4.40;272775
01059;79.49;2.00;1;A;A1;159;4;2.52;0.00;4.70;200025
01061;143.89;2.28;2;A;A2;189;3;1.59;4.57;5.70;131347
02000;283.68;14.18;3;B;B3;5.223;261;5.00;1.03;7.00;1841179
03352;187.68;10.09;2;C;C2;372;20;5.38;3.03;5.70;198213
03359;108.32;3.94;1;B;B1;220;8;3.64;1.48;5.50;203102
03402;37.85;0.00;1;A;A1;19;0;0.00;0.00;8.90;50195
03405;36.71;1.31;1;B;B1;28;1;3.57;0.00;11.30;76278
03452;69.00;4.21;1;C;C1;131;8;6.11;0.53;6.90;189848
03455;37.58;2.03;1;C;C1;37;2;5.41;2.03;4.70;98460
03457;87.16;3.53;1;B;B1;148;6;4.05;0.59;5.70;169809
03457;87.16;3.53;1;B;B1;148;6;4.05;0.59;5.70;169809
03462;72.08;0.00;1;A;A1;41;0;0.00;0.00;5.80;56882
04011;259.24;8.43;3;B;B3;1.476;48;3.25;2.46;10.30;569352
04012;178.64;5.28;2;B;B2;203;6;2.96;2.64;13.40;113634
08335;164.37;5.26;2;B;B2;469;15;3.20;0.35;3.40;285325
13003;50.75;0.96;1;A;A1;106;2;1.89;0.48;7.30;208886
13072;35.33;1.39;1;B;B1;76;3;3.95;0.00;5.70;215113
13073;41.39;0.89;1;A;A1;93;2;2.15;0.00;8.80;224684
13074;51.04;0.64;1;A;A1;80;1;1.25;0.00;6.30;156729
13075;59.15;2.96;1;B;B1;140;7;5.00;0.00;9.30;236697
